id,screen_name,text,date/time,custom prediction,textblob prediction
1257097521576513538,KillaKyrie2,delete don like my face on the internet,2020-05-03 23:59:39,0.07698652,0.0
1257097481688625153,SonjaVogt2,check this out alice the legged dog playing ball and killing it,2020-05-03 23:59:30,0.811966,0.0
1257097449304461320,thecamjohnson_,miss guys sm,2020-05-03 23:59:22,0.011021972,0.0
1257097423828197376,jonasfanmiley14,is revealing top tonight about to watch it,2020-05-03 23:59:16,0.99385285,0.5
1257097375715336207,Mike_Light_77,good question you can get propane fueled one cabinet style for 150 300 have used one of those for years my next upgrade will be pellet was going to pull that trigger this spring but then the world went nuts,2020-05-03 23:59:04,0.99877733,0.35
1257097345994502157,ShelbyGrosch,if there is anything else you want to know just reply to this thread obviously am not afraid to be transparent,2020-05-03 23:58:57,0.47337425,0.3
1257097345172414472,ShelbyGrosch,looking forward the plan is to keep my head down and keep doing things that work and get better in other areas my writing can always improve my on camera presence needs work opportunites in video editing become better at selling everything is work in progress end,2020-05-03 23:58:57,0.6838533,0.1798611111111111
1257097344195198979,ShelbyGrosch,financial coaching was not sure how people would react to me offering financial coaching but overall it has been amazing have helped half dozen people become more confident with their money and making better decisions,2020-05-03 23:58:57,0.97781324,0.18703703703703706
1257097343301824512,ShelbyGrosch,money made easy launched course at one of the worst times imo and overall it did well gross revenue is in the figures not much more to say besides think it could be the best 99 investment you can make in your future check it out,2020-05-03 23:58:57,0.9995451,0.02619047619047619
1257097342051901441,ShelbyGrosch,email marketing if you have ever built an online business you will hear that you always need to build an email list have done this from day but did not know what was doing months ago shared how to build quiz funnel can you see it on the chart,2020-05-03 23:58:56,0.86775494,0.0
1257097340692856834,ShelbyGrosch,youtube is still something am trying to figure out so far have uploaded videos at an average of minutes per video going to test new method over the next couple of months to jump start growth,2020-05-03 23:58:56,0.9571508,0.02159090909090909
1257097339199578112,fpcwichita,reflections with the pastor,2020-05-03 23:58:56,0.97522056,0.0
1257097338952265728,ShelbyGrosch,pageviews and organic users both showing positive trend lines but not exponential growth in april set record high for both they are somewhat correlated,2020-05-03 23:58:56,0.9920315,0.19363636363636363
1257097337832460294,twdenton64,assad is surely not the thug the west makes him out to be,2020-05-03 23:58:55,0.6847601,-0.25
1257097337668861952,ShelbyGrosch,it is been minute so let me give you an update on my blog spoiler it is not rolling in the cash as some of you may think thread,2020-05-03 23:58:55,0.7845654,0.0
1257097329036922881,ilIestWillis,this has long been favorite of mine and could gush over it and the novel for days but will try to keep it concise my review of gone with the wind on letterboxd,2020-05-03 23:58:53,0.5119778,0.18333333333333335
1257097328835559426,nemesiscafe,me trying to write my research paper on the influence of politics on minimum wage legislation,2020-05-03 23:58:53,0.95176804,0.0
1257097297252495362,KillaKyrie2,typo,2020-05-03 23:58:46,0.63392925,0.0
1257097267225473024,KillaKyrie2,typo,2020-05-03 23:58:38,0.63392925,0.0
1257097195062468615,jmbwichita,soooooo are you gonna make me refer to you as dr dtmb,2020-05-03 23:58:21,0.94809467,0.0
1257097179900018689,Homebrew_Handy,that 90 blues logo is trash,2020-05-03 23:58:18,0.105243474,0.0
1257097173520482304,KillaKyrie2,bc here,2020-05-03 23:58:16,0.2749918,0.0
1257097155573157893,calistainbloom,wow lmao had no idea lmao,2020-05-03 23:58:12,0.5269281,0.4333333333333333
1257097144324030468,sethviews,my newest project is up go show some love defintely my best car video to date,2020-05-03 23:58:09,0.9085657,0.75
1257097081556217856,KillaKyrie2,delete bc not here,2020-05-03 23:57:54,0.572307,0.0
1257097041127374851,gsmenace,what truly disturbing is how badly dr birx and dr falchi got it all wrong pushing america off course and leaving us with near disaster as we try to right the ship to get america back,2020-05-03 23:57:44,0.27799058,-0.21904761904761902
1257096965130723329,royalfan101,you agree or disagree,2020-05-03 23:57:26,0.8207683,0.0
1257096917479297025,AtlasMD,management is about using others for your success leadership is about stewarding the lives entrusted to you kaushik viswanath,2020-05-03 23:57:15,0.30895442,0.3
1257096869345443840,citizensforale1,greatest president and first lady ever thank you,2020-05-03 23:57:04,0.90902084,0.625
1257096862735138818,KillaaKammy,period every move make all speak on anyways so couldn care any less,2020-05-03 23:57:02,0.76038194,-0.16666666666666666
1257096798855999491,adulliame,lord help us all,2020-05-03 23:56:47,0.6022841,0.0
1257096798734344193,adulliame,she is big girl she can and did handle it black people take stuff like that all the time whether we want to are not,2020-05-03 23:56:47,0.9828713,-0.08333333333333333
1257096737736527879,KillaKyrie2,wouldn like you,2020-05-03 23:56:32,0.37008825,0.0
1257096695512522752,citizensforale1,let us try something different tonight instead of question just want to say thank you mr president for all you and melania do for america,2020-05-03 23:56:22,0.90684795,0.0
1257096573537988608,flip8245,was the first year followed every game been an addict ahem fan ever since,2020-05-03 23:55:53,0.95125055,-0.07500000000000001
1257096567905046530,JosephAshbyShow,to be clear we re still on the herd immunity path with or without vaccine herd immunity is not so much strategy as it is an inescapable biological eventuality,2020-05-03 23:55:52,0.99906516,0.15000000000000002
1257096549928259584,iamtimeverson,90 sesame street slayed,2020-05-03 23:55:47,0.32722157,0.0
1257096409796485122,Trev_Dote34,been waiting all day time is going by slow the goat and black mamba,2020-05-03 23:55:14,0.9987052,-0.23333333333333334
1257096399935635461,JackStr13435605,will hate watch that shit,2020-05-03 23:55:12,0.98021805,-0.5
1257096397339406338,b_henny22,cowboys are different breed,2020-05-03 23:55:11,0.59117055,0.0
1257096389693255680,KillaKyrie2,same,2020-05-03 23:55:09,0.41247088,0.0
1257096365236158466,CocoaDolce,thanks wichita for your support we appreciate all the orders you placed during the time our doors were closed and we have loved seeing you all this weekend now that we are back open thank you we appreciate you choosing us for all your sweet tooth needs,2020-05-03 23:55:03,0.99338335,0.19166666666666665
1257096332298162176,evange1inerose,have fun looking when ur girlies and to the normal people wear spf everyday,2020-05-03 23:54:55,0.9013753,0.08333333333333331
1257096274626719744,JamesIsaak2,imagine how awesome these would look in good lighting white faced ibis,2020-05-03 23:54:42,0.9339268,0.5666666666666667
1257096197082353666,brutdog44,lol he big dumbie,2020-05-03 23:54:23,0.27968267,0.4
1257096177046171649,marjberk,definitely gg,2020-05-03 23:54:18,0.8799305,0.0
1257096144481660928,roronorthmath,yesterday was miles on bike today was almost on foot,2020-05-03 23:54:11,0.9616522,0.0
1257096139205115904,OtterNoises,always,2020-05-03 23:54:09,0.8388433,0.0
1257096139133857792,evange1inerose,white girls that like to tan themselves into different race scare tf outta me like understand wanting healthy summer glow but damn all takin it to skin cancer levels,2020-05-03 23:54:09,0.08004415,0.16666666666666666
1257096128148967425,AugustaHSnews,gabe wilson won the best cameo apperance the jester awards for his role as the alien in gilliagan island the award winners were announced in an online ceremony may,2020-05-03 23:54:07,0.96196973,0.375
1257096100609175554,purefeelingflo,is squabbling with me and not here for it didn even do anything this time,2020-05-03 23:54:00,0.109218866,0.0
1257096080849809409,dvnicla,some of yall never watched monster high and it shows,2020-05-03 23:53:56,0.35332775,0.16
1257096027821289472,vicxxxxc,what the pulse reading on the clit,2020-05-03 23:53:43,0.68704987,0.0
1257095714292871168,BelovedPetNanny,he makes sure it is,2020-05-03 23:52:28,0.8035909,0.5
1257095681375944704,StephenReinsmit,imagine recipe article was titled like make these nice quesadillas at home and then you read for mins about niche cheese cultural experiences and what if cornmeal was the sun god,2020-05-03 23:52:20,0.4223717,0.35
1257095674946113537,stephaniaalopez,right,2020-05-03 23:52:19,0.17130461,0.2857142857142857
1257095645955002375,gsmenace,sad they were good enough when ny needed the help now its get the hell out liberals are just crazy samaritan purse gets booted from central park day after nyc councilman vile message,2020-05-03 23:52:12,0.8213507,-0.08
1257095584529428485,utamaro71,did you cash your taxpayer funded welfare check yet chuck are you still hiding in your basement at home tweeting in your closet like scared little girl chuck,2020-05-03 23:51:57,0.9904712,-0.1875
1257095556763172864,JamesIsaak2,was speaking for him,2020-05-03 23:51:51,0.6094722,0.0
1257095514123841537,MMobleyKAKE,reminder the stay at home order for ks ends at midnight we will have everything you need to know heading into phase one of reopening the state tonight at on how are all of you feeling about it,2020-05-03 23:51:40,0.7984742,0.0
1257095507299774464,Tay_Lou,sonic just made me mad talking about they are out of slushies that all main drink how the hell,2020-05-03 23:51:39,0.5784162,-0.22916666666666669
1257095502170066946,kansasgirl1234,amen,2020-05-03 23:51:38,0.91687495,0.0
1257095499007635458,LeftCoastM1k3,nobody does it better than,2020-05-03 23:51:37,0.97184783,0.5
1257095482121302017,nonblume,am loving dillon expression,2020-05-03 23:51:33,0.99336696,0.6
1257095455768526848,KillaaKammy,so happy where im at in life rn,2020-05-03 23:51:27,0.98486376,0.8
1257095427712856064,Luge_Knight,depends on the subject but in general agree,2020-05-03 23:51:20,0.728457,-0.05833333333333332
1257095398046531585,JeffreyParson,we can forget jackson state too,2020-05-03 23:51:13,0.9836936,0.0
1257095355407249410,cortlandhanson1,really just be at home or work,2020-05-03 23:51:03,0.58608514,0.2
1257095343713419264,mirandasantosx,it real weird seeing girls from work sharing the harms way meme,2020-05-03 23:51:00,0.027797103,-0.75
1257095332313346049,BelovedPetNanny,he always lies so what the point,2020-05-03 23:50:57,0.9849531,0.0
1257095291939041280,KenJohnUn,ong tho touch my man and its going down regardless,2020-05-03 23:50:47,0.8152635,-0.15555555555555559
1257095286138249217,Luge_Knight,every time,2020-05-03 23:50:46,0.9252948,0.0
1257095269423996933,mauryedwards,deal for boeing maxs impacted if british airways closes london gatwick base via,2020-05-03 23:50:42,0.9671993,-0.4
1257095153401171969,dmt873,if ross could land with team that could focus on getting him healthy and refine his routes he could really thrive as receiver perhaps team with offensive guru head coach like the rams could turn his career around,2020-05-03 23:50:14,0.5375577,0.35
1257095151727587328,dmt873,the fantasy football thought think the eventual change of scenery for john ross could be big for him things clearly have not worked out in cincy but we saw some flashes early last year of some the potential he came into the league with,2020-05-03 23:50:14,0.96876454,0.04
1257095150674870272,dmt873,good beer and fantasy football thought for the night the beer irish red ale honey first time and really enjoy it been craving good irish red for while and it hits the spot caramel comes through nicely though if it was bit sweeter it be perfect,2020-05-03 23:50:14,0.9983586,0.365
1257095132169584640,purefeelingflo,also the poster said they have full interview and may potentially post it someday but at the current moment they just have sound bites and this snippet shared to us,2020-05-03 23:50:09,0.98097,0.1875
1257095066251939842,mirandasantosx,you can have it as treat,2020-05-03 23:49:54,0.9856098,0.0
1257095037093060609,BelovedPetNanny,too cute,2020-05-03 23:49:47,0.24318364,0.5
1257095033595052039,Luge_Knight,watching my friends flourish and find love,2020-05-03 23:49:46,0.262586,0.5
1257094971607453697,JackStr13435605,on second thought give it light touch sway the flames back forth bit bet can cook steak only problem you steak prolly be covered in chemicals,2020-05-03 23:49:31,0.93285,0.1
1257094836349554688,Luge_Knight,dude smart people just learn new shit for fun,2020-05-03 23:48:59,0.75961167,0.11266233766233766
1257094812278415361,BuddyBrittain12,firm believer if your surround yourself with good goal oriented people that you ll make something of yourself,2020-05-03 23:48:53,0.9010366,0.24999999999999997
1257094807949922312,SimonMourning,the perfect kind of date,2020-05-03 23:48:52,0.9986565,0.8
1257094775955734528,TheKidIrv24,is that huge deal,2020-05-03 23:48:44,0.78247213,0.4000000000000001
1257094755655266304,SonjaVogt2,yes yes she is yep right here beside the couch as is her habit every single night,2020-05-03 23:48:40,0.9944984,0.10714285714285714
1257094631604584449,AyySkiz,wtf is that lmaoooo,2020-05-03 23:48:10,0.63764095,-0.5
1257094631113834496,KillaKyrie2,youre acc poverty,2020-05-03 23:48:10,0.97777605,0.0
1257094597798494208,sloppy_yung,bless up,2020-05-03 23:48:02,0.7775508,0.0
1257094590542286848,LethalLake,bruh what,2020-05-03 23:48:00,0.9572947,0.0
1257094525618728960,KevinMorris1979,yeeeeeaas lol,2020-05-03 23:47:45,0.6771174,0.8
1257094517569748998,mirandasantosx,this is so cute oh my god,2020-05-03 23:47:43,0.97762567,0.5
1257094489342165001,JackStr13435605,yea mean can not cook steak properly but can definitely burn some shit,2020-05-03 23:47:36,0.16720098,-0.128125
1257094425219563522,Gorilla426,attention hound drama queen and sociopath all rolled into one,2020-05-03 23:47:21,0.80337834,0.0
1257094416260620289,barleyhop,spags prefers hitchens in that role setting fronts and making the calls,2020-05-03 23:47:19,0.99439096,0.0
1257094383503056900,mauryedwards,boeing goes from bad to worse as coronavirus crushes air travel,2020-05-03 23:47:11,0.9774482,-0.5499999999999999
1257094379329785856,KillaKyrie2,it twitter,2020-05-03 23:47:10,0.6051409,0.0
1257094377907851267,JanHigg20498605,gave myself haircut and my stylist is going to be so disgusted with me when he has to fix it,2020-05-03 23:47:10,0.5169811,-1.0
1257094375718498307,sloppy_yung,who first,2020-05-03 23:47:09,0.47953302,0.25
1257094352033263617,ColbyRatz,went to buy small chest freezer at lowe because it was on sale lowe employee told us it would be weeks or more before we got it because all chest freezers were sold out they sold more in the last month than they have in the last three years combined all are crazy,2020-05-03 23:47:03,0.95382965,0.025000000000000005
1257094337550323714,KillaKyrie2,youre acc poverty,2020-05-03 23:47:00,0.97777605,0.0
1257094278012076032,mac_mogul,oof this one was heavy pour,2020-05-03 23:46:46,0.11654267,-0.2
1257094272358195200,sloppy_yung,my girl is into it and tryin just don associate with anything aries,2020-05-03 23:46:44,0.05423668,0.0
1257094256495341568,Luge_Knight,need to get in her level shit,2020-05-03 23:46:41,0.79708725,-0.2
1257094255270641666,_EMAHLEEEE,making your baby an ambassador of clothing boutique is weird as fuck,2020-05-03 23:46:40,0.3271736,-0.45
1257094221770772480,KillaKyrie2,you re gay tho,2020-05-03 23:46:32,0.94678247,0.4166666666666667
1257094210194415621,brutdog44,just finished how met your mother and ted mosby is the biggest dipshit in television history,2020-05-03 23:46:30,0.32660145,0.0
1257094177558605824,zmckellips,super fuck this dude,2020-05-03 23:46:22,0.83324444,-0.033333333333333354
1257094090463813634,joshwilbert1,absolutely,2020-05-03 23:46:01,0.75602037,0.2
1257094080498143233,JamesIsaak2,yellow legs hudsonian godwits lifers ibis long billed dowitchers,2020-05-03 23:45:59,0.63856727,-0.025
1257094077939699713,KillaKyrie2,you re acc poverty,2020-05-03 23:45:58,0.939391,0.0
1257094015981412352,AddyWren,10 woman and was always the tallest in my grade in the small midwest towns grew up in up until high school definitely got teased for it sometimes and boys did not like me,2020-05-03 23:45:43,0.9858855,-0.03
1257094013452255232,KillaKyrie2,you re taking this way too seriously,2020-05-03 23:45:43,0.039237887,-0.3333333333333333
1257093998025617409,vicxxxxc,easy,2020-05-03 23:45:39,0.5654949,0.43333333333333335
1257093996851142657,Cooky_Monster17,are they the ones with the one where she said she been taking self defense classes and he said get my money back after he dropped her,2020-05-03 23:45:39,0.15005395,0.0
1257093963636510725,JacksonWHreport,woman faces dui and other charges accused of hitting children with her car in south wichita,2020-05-03 23:45:31,0.91116583,-0.125
1257093959379271681,Luge_Knight,your mom is smart cookie just like you,2020-05-03 23:45:30,0.75095975,0.21428571428571427
1257093945122750466,KillaKyrie2,yessir,2020-05-03 23:45:26,0.9639115,0.0
1257093941712883713,Sand_Veil,but gba had movies could watch dbz on it,2020-05-03 23:45:26,0.9725585,0.0
1257093933978583049,KevinMorris1979,there lot to it more than that,2020-05-03 23:45:24,0.8615152,0.5
1257093915087380480,KillaKyrie2,thought you were edgy,2020-05-03 23:45:19,0.7738099,-0.3
1257093889611177988,Luge_Knight,forget about my kids too shit,2020-05-03 23:45:13,0.93405855,-0.2
1257093835315974146,KillaKyrie2,cares,2020-05-03 23:45:00,0.37637922,0.0
1257093834099605506,KAKEnews,joe biden wins kansas democratic primary,2020-05-03 23:45:00,0.98967254,0.35
1257093802927382528,JudyCaughran,my son becoming parent for the first time my heart is overjoyed,2020-05-03 23:44:52,0.9025396,0.35
1257093754315571207,KillaKyrie2,you got no skin my nigga,2020-05-03 23:44:41,0.95560586,0.0
1257093704294084610,KillaKyrie2,weep,2020-05-03 23:44:29,0.9941535,0.0
1257093692369879041,iamtimeverson,who is lar rey biyrdt,2020-05-03 23:44:26,0.04378432,0.0
1257093614364131334,butch7903,dont use os based sftp or other protocol direct instead always setup to get sftp scp ftps and setup,2020-05-03 23:44:07,0.33409202,-0.012499999999999997
1257093523553292288,KillaKyrie2,he doesn have skin,2020-05-03 23:43:46,0.13089687,0.0
1257093516653723650,Spyrobi_,gba back,2020-05-03 23:43:44,0.11915526,0.0
1257093475532668929,KillaKyrie2,you have no skin,2020-05-03 23:43:34,0.6623719,0.0
1257093457220448257,AmiraColeman1,wishing was taller so could call myself stallion like megan,2020-05-03 23:43:30,0.8747971,0.0
1257093434516652032,KillaKyrie2,me and,2020-05-03 23:43:25,0.14837894,0.0
1257093428032212993,YaBoyAntwon,people are immature as fuck haha,2020-05-03 23:43:23,0.7676801,-0.1
1257093426019028993,mirandasantosx,need one for every day of the week and maybe crop tank for work lmaoooo,2020-05-03 23:43:23,0.8742803,0.0
1257093389234974721,__niccoleb,watch hollywood on netflix,2020-05-03 23:43:14,0.8596066,0.0
1257093362340986880,JackStr13435605,love grilling if wanted my meat cooked like you do it would just use flame thrower,2020-05-03 23:43:07,0.29697764,0.5
1257093345521700864,tv_dinner_,go to the gym early stay late play hard work harder put fork in toaster until see god and all the angels fuck the angels while god watches drink gatorade go to bed feel the ever lookin presence of mortality,2020-05-03 23:43:03,0.9986526,-0.19833333333333333
1257093341000368128,Holmes_3,nigga murder hornets the fuck going on out here,2020-05-03 23:43:02,0.4263915,-0.4
1257093324554604546,JosephAshbyShow,is donald trump the only human being on earth who still believes neil ferguson,2020-05-03 23:42:58,0.9996094,0.0
1257093298705104896,KillaKyrie2,you need yeezus plus black,2020-05-03 23:42:52,0.8121885,-0.16666666666666666
1257093294934200321,KSNStormTrack3,severe thunderstorm warning for dundy county in ne until 15pm,2020-05-03 23:42:51,0.79730767,0.0
1257093290719088643,czmilosz,and now live doors down from that asshole estes ugh kansas is thick with shitheels,2020-05-03 23:42:50,0.76991737,-0.10639730639730642
1257093230287564801,KillaKyrie2,norman he needs you,2020-05-03 23:42:36,0.5727167,0.0
1257093207957090304,Sand_Veil,what counts as retro,2020-05-03 23:42:31,0.821717,0.0
1257093097122672640,Mlx39972988,great sir,2020-05-03 23:42:04,0.12444237,0.8
1257093086049701888,Spyrobi_,retro games suck,2020-05-03 23:42:02,0.9305837,0.0
1257093058514030592,mirandasantosx,love you so much,2020-05-03 23:41:55,0.9200759,0.35
1257093054814662657,Luge_Knight,honestly truly it doesn even take some financial guru to do simple audit of your current situation and act accordingly,2020-05-03 23:41:54,0.7201458,0.15
1257093031926263808,StonedInKansas,wish was one of those people that could post something saying someone buy me this please and someone fucking buys it,2020-05-03 23:41:49,0.41903335,-0.6
1257093022241697793,bombshellxbritt,hey all wanna cuum,2020-05-03 23:41:46,0.35558832,0.0
1257092978801287171,czmilosz,am proud to say got kicked off of nextdoor because asked is mike pompeo still cheating on his wife,2020-05-03 23:41:36,0.99961644,0.8
1257092907116486656,benjaminlucas_1,brett you should go live today,2020-05-03 23:41:19,0.75208604,0.13636363636363635
1257092888292478977,jameswhitfiel10,creamy minted sweet pea soup,2020-05-03 23:41:14,0.41873646,0.35
1257092847607652354,markvoth1,99 sure saw you parked south of goessel to the west of 15 this afternoon when went through goessel from the east goessel got way more rain than we did by the looks of it cgs sprayer was parked on the field you rented on 120th if you did not know,2020-05-03 23:41:05,0.84376425,0.5
1257092835263893509,Woosieteefs,mannnn can only imagine whats going on in your head right now coach starks my prayers are up right now that bryce pulls through,2020-05-03 23:41:02,0.9932016,0.19047619047619047
1257092775968940032,BrentRandolph,greatest passing forward of all time,2020-05-03 23:40:48,0.48553357,1.0
1257092727176478720,tv_dinner_,hey guys during lockdown we owe it to ourselves to use this time to improve ourselves and become stronger people which is why make it my daily goal to contract and cure uti every day,2020-05-03 23:40:36,0.9866694,0.0
1257092711892619264,davemacdo,yep works great in dorico and musescore as well,2020-05-03 23:40:32,0.64253485,0.8
1257092707866075138,purefeelingflo,even though isa doesn say anything in it just the fact that she there is amazing,2020-05-03 23:40:31,0.8574553,0.6000000000000001
1257092675960016899,Kobeoshiii,he right can do better,2020-05-03 23:40:24,0.007661909,0.39285714285714285
1257092530832891906,davemacdo,save and reopen the file they aren saved correctly,2020-05-03 23:39:49,0.71848303,0.0
1257092467960303617,YaBoyAntwon,lmfaooo,2020-05-03 23:39:34,0.46164006,0.0
1257092449949945858,KillaKyrie2,black,2020-05-03 23:39:30,0.9137254,-0.16666666666666666
1257092395075883008,gsmenace,take deep breath snowflakes watch sidney powell discusses the latest on flynn case on youtube and weep about all the lies you have been fed,2020-05-03 23:39:17,0.99928385,0.25
1257092295792476163,KillaKyrie2,you cannot say that didn try to make time,2020-05-03 23:38:53,0.981313,0.0
1257092215198945281,BaileyBurns_9,we miss you,2020-05-03 23:38:34,0.9010163,0.0
1257092181661224960,Marti__Castro,man just remembered dropped my board in the river last night luckily my homie got it out but know that shit is gonna need whole lotta wd 40,2020-05-03 23:38:26,0.7652414,0.08333333333333333
1257092140649365505,AgentD74856033,frosty flights,2020-05-03 23:38:16,0.9083291,0.0
1257092130444582912,ShelbyGrosch,if you have not made bad investment you are doing one of two things you do not know what qualifies as an investment you are lying bad investments are part of the game,2020-05-03 23:38:14,0.9994085,-0.6
1257092102523162627,KillaKyrie2,too cool,2020-05-03 23:38:07,0.6146417,0.35
1257092078485606406,thecamjohnson_,that is cool no fair,2020-05-03 23:38:01,0.08292055,0.0
1257092048869634054,TimBerr65268534,looks like an old ass tiger woods,2020-05-03 23:37:54,0.788901,0.1
1257091992846295045,KillaKyrie2,ll rape ur doge,2020-05-03 23:37:41,0.67154765,0.0
1257091955663699968,WichitaKeith316,my wife popped off with the chicken parm tonight,2020-05-03 23:37:32,0.88392246,-0.6
1257091927561965568,Luge_Knight,mixing up coronarita,2020-05-03 23:37:25,0.5940593,0.0
1257091900059914241,KillaKyrie2,ur not black that why,2020-05-03 23:37:19,0.7781714,0.08333333333333333
1257091843369680897,KillaKyrie2,what,2020-05-03 23:37:05,0.7575344,0.0
1257091838713962496,JamesIsaak2,aw jeez here we go,2020-05-03 23:37:04,0.85404,0.0
1257091799635628033,TimBerr65268534,anyone else here woke before it was cool,2020-05-03 23:36:55,0.9670227,0.35
1257091782434750464,JanHigg20498605,wow aren you racist for calling it asian,2020-05-03 23:36:51,0.97507715,0.05
1257091686276218883,MandieAnnLyons,kansas too the website was not built for the kind of traffic that has been hitting it smh,2020-05-03 23:36:28,0.9915225,0.6
1257091661802475521,Luge_Knight,my thoughts exactly,2020-05-03 23:36:22,0.1301269,0.25
1257091658438639616,bevanashlee,rather be at the at the lake right now,2020-05-03 23:36:21,0.5043037,0.2857142857142857
1257091627354554368,grioghar,trying to learn to think of my server like cattle instead of pets is weird shift but if going to get kneel deep in this kunernetes docker containerization game that what going to have to do the node is irrelevant it all about the pod and services now yeeesh,2020-05-03 23:36:14,0.90196645,-0.35
1257091534509441024,humvadev,am leaving the presidency but go have look at faye post about anime girls as to why anyone who repeats this exclusionary nonsense is going get the full force of my am definitely not voting for this person letter,2020-05-03 23:35:52,0.9893733,0.175
1257091519422566400,Annabel59737771,love my dad so much,2020-05-03 23:35:48,0.93828666,0.35
1257091489106182150,addismith_,am so upset needless to say will be trying this again different way,2020-05-03 23:35:41,0.7691657,-0.25
1257091481569038336,Sand_Veil,yeah but the wii is also wii the ganecube is also gameboy so really the most optimal is wii gamecube and 3ds,2020-05-03 23:35:39,0.8589964,0.35
1257091479522234368,fazzymom,we ve got plenty pack up the mrs and come over,2020-05-03 23:35:39,0.2094368,0.0
1257091471884333057,barleyhop,house said he is playing outside,2020-05-03 23:35:37,0.80260825,0.0
1257091452003323915,okon23,say less,2020-05-03 23:35:32,0.965981,-0.16666666666666666
1257091430830477314,purefeelingflo,don wanna go anywhere that why said can leave,2020-05-03 23:35:27,0.81008077,0.0
1257091355114954759,MendozaSuemy,check out my broadcast from my playstation rec room live at,2020-05-03 23:35:09,0.78326094,0.13636363636363635
1257091350606024709,citizensforale1,godless and immoral,2020-05-03 23:35:08,0.28928915,0.0
1257091330343178240,KhalupT,im pretty sure but,2020-05-03 23:35:03,0.94988513,0.375
1257091291994820614,fazzymom,four adult children home from college let me tell you we ve had lot of togetherness,2020-05-03 23:34:54,0.8248039,0.1
1257091216430292992,Woosieteefs,what happened,2020-05-03 23:34:36,0.9589007,0.0
1257091216144990208,Tailofthedog,are you talking about the republicans party,2020-05-03 23:34:36,0.96882933,0.0
1257091177393856512,RevCindyLee,forward in faith emmausroad,2020-05-03 23:34:26,0.040502727,0.0
1257091176680828929,KillaKyrie2,rape catoge,2020-05-03 23:34:26,0.75332475,0.0
1257091151498293248,chloemilant,but why,2020-05-03 23:34:20,0.31802833,0.0
1257091146569965573,dgruntzel,happy birthday to,2020-05-03 23:34:19,0.630031,0.8
1257091136059052035,KillaKyrie2,or,2020-05-03 23:34:17,0.04394993,0.0
1257091128098242561,ItsLittleBob,absolute unit,2020-05-03 23:34:15,0.9855995,0.2
1257091071785517057,TimBerr65268534,michael landon was white and lived to be 54,2020-05-03 23:34:01,0.120169014,0.0
1257091027707494400,KillaKyrie2,rape doge,2020-05-03 23:33:51,0.5485477,0.0
1257090984598540288,KillaKyrie2,and tweeted it in only tweeted it in characters,2020-05-03 23:33:41,0.95137835,0.0
1257090961420750854,dontajiajones,jimin it is,2020-05-03 23:33:35,0.10835746,0.0
1257090850670161926,utamaro71,actually you petty fascist three companies are pushing and have indicated they could have vaccinesoonrr han months,2020-05-03 23:33:09,0.01694566,0.0
1257090850603008002,kelseysapp_,some shit don want no part of good,2020-05-03 23:33:09,0.62666726,0.24999999999999997
1257090843439177728,KillaKyrie2,or dog shagger,2020-05-03 23:33:07,0.14685428,0.0
1257090833838411776,JamesIsaak2,two blue winged teal on the left mallard on the right,2020-05-03 23:33:05,0.24165767,0.09523809523809523
1257090809100488704,EddiCreative,don even know what to do with this,2020-05-03 23:32:59,0.028601259,0.0
1257090756965273604,KillaKyrie2,good,2020-05-03 23:32:46,0.67180693,0.7
1257090715491991557,KillaKyrie2,why is leonardo davinci in your pfp,2020-05-03 23:32:36,0.99853086,0.0
1257090696353320962,MagnoliaK,bullshit our first case was diagnosed in mid january you were warned in november,2020-05-03 23:32:32,0.23551327,0.125
1257090673888591874,KhalupT,thought he declared,2020-05-03 23:32:26,0.70417213,0.0
1257090589822259207,KillaKyrie2,problem,2020-05-03 23:32:06,0.3820839,0.0
1257090581563617280,alangales,who killed malcolm documentary on netflix is really good,2020-05-03 23:32:04,0.04489091,0.16666666666666666
1257090535677997058,KillaKyrie2,nah nigga say it,2020-05-03 23:31:53,0.9673125,0.0
1257090492761804803,KillaKyrie2,yesssur,2020-05-03 23:31:43,0.6164556,0.0
1257090471429640192,USD265_Goddard,from and are kicking off an edu kake tion appreciation week mr will join on monday may 4th 9am on to discuss magic shapes asking that typical kindergarten student should be able to answer,2020-05-03 23:31:38,0.96956205,0.2777777777777778
1257090454593564672,audreeeeyutt_,whoever helps me convince him gets to come over and use it,2020-05-03 23:31:34,0.8686882,0.0
1257090410377347076,LabdogWillie,ordered my mail ballot today blue all the way,2020-05-03 23:31:24,0.05353707,0.0
1257090407026118660,tammykins2018,good job,2020-05-03 23:31:23,0.9329611,0.7
1257090320128520198,annepanktz,one good thing ve heard today,2020-05-03 23:31:02,0.7565663,0.7
1257090308954873856,xxJvpit3r,am just stressed livin life while am livin life stressed,2020-05-03 23:30:59,0.9515368,0.0
1257090255573987330,keithgr8cr8r,like they have been saying re open simply means bad news,2020-05-03 23:30:47,0.74197817,-0.23333333333333328
1257090254890205189,VictoriaBeeson,ooooh okay have played madden but everyone gets mad when do the suggested plays streetfighter is legit never played gta ever which is weird because am in the age group of who grew up with it fifa would be cool good picks will get to downloading lol,2020-05-03 23:30:47,0.9721106,0.2041666666666667
1257090185260609541,citizensforale1,pelosi will try again if we do not get her and the other dem losers out of congress especially the trump hating muslims that are pushing the dems to do it,2020-05-03 23:30:30,0.36556485,-0.10833333333333334
1257090162330423296,MrDanielsen_,dad you don need your sunglasses while you clean out my stroller,2020-05-03 23:30:24,0.55762476,0.3666666666666667
1257090153287503873,LabdogWillie,well you know that is lie what foreign leaders are wasting their time talking to moron,2020-05-03 23:30:22,0.9519814,-0.4625
1257090081095061504,SCKRealtors,there no better time than now to recognize those you work closely with we are so excited to introduce our newest initiative realtor excellence prescription for gratitude in the real estate industry learn all about it and submit member,2020-05-03 23:30:05,0.9772202,0.10833333333333334
1257090060450660352,baseball_2021,people aren ready for the truth the dmt hyper truth is truth mastered by those with the broad enigmascope of it all when you do dmt it like fuckin some cosmic slit and it oozing knowledge they say have problem but the only problem have is fuckin cosmic slit always,2020-05-03 23:30:00,0.94404495,0.08750000000000001
1257090055656652811,KillaKyrie2,1st or second part you have to do one,2020-05-03 23:29:59,0.08089015,0.0
1257090050975830022,NotFamousJulian,do you talk to it,2020-05-03 23:29:58,0.6421017,0.0
1257090034634592257,Char_lattey,hi confessions from the weird girl who parents never let her hang out with anyone as child once read an entire novel about kid that learned bridge with an old man he met and had to go thru the whole book not knowing what the duck bridge is and still don,2020-05-03 23:29:54,0.46780312,-0.05
1257090032638267392,knssradio,pres trump says he expects vaccine for covid 19 by end of year listen,2020-05-03 23:29:54,0.85876817,0.0
1257089995262824448,purefeelingflo,previously unseen interview of with talking about the beauty of being onstage way out west festival 2015 jeromesavino via instagram,2020-05-03 23:29:45,0.26003483,-0.16666666666666666
1257089986454794240,NotFamousJulian,no more mexican beers all mexico said fuck us,2020-05-03 23:29:43,0.52723944,-0.21666666666666667
1257089986438074369,yeahfeli,think this guy outdid yall lol,2020-05-03 23:29:43,0.86301917,0.8
1257089961934950401,iamblayneb,it been hours since ate chipotle and still haven fully recovered,2020-05-03 23:29:37,0.99039733,0.0
1257089878493466624,igormvic,ive honestly had my whole day turned around by some very amazing people was well and truly speechless thanks so much vintageblaze hakara lauren oh nerdalert meathartin and squirtle squad has rollen out,2020-05-03 23:29:17,0.94878733,0.396
1257089855064084482,KillaKyrie2,do it nigga,2020-05-03 23:29:11,0.9851818,0.0
1257089843621957634,abcdefgayy,why are there so many gingers in kansas,2020-05-03 23:29:08,0.9562034,0.5
1257089835556315136,Coach_Fuller44,these zoom meetings are great and all it amazes me that adults can not figure out this mute piece,2020-05-03 23:29:07,0.18564832,0.8
1257089814681268225,WiningWife,in this article you ll learn about the size and variety of available to help you choose how to best protect house and display your via,2020-05-03 23:29:02,0.8927318,0.7
1257089800445845506,JoshTHowell,know there are much more important issues in the world right now but really miss sports,2020-05-03 23:28:58,0.9947337,0.3464285714285714
1257089755872997381,ivanbalavage1,going to need it,2020-05-03 23:28:48,0.9537102,0.0
1257089754908286979,Tailofthedog,great question have added size to my pants,2020-05-03 23:28:47,0.9849119,0.8
1257089738844131329,KillaKyrie2,ayo save me chicken bone give the dog boner,2020-05-03 23:28:43,0.6710707,-0.6
1257089737409597441,xxJvpit3r,6ix9ine is gunna get smoked,2020-05-03 23:28:43,0.3946935,0.0
1257089730367406080,Prettychxck_b,baby shower was everything,2020-05-03 23:28:41,0.6879182,0.0
1257089705612660743,theluigiduck,it just goes against the class role it is not worth arguing about tho,2020-05-03 23:28:36,0.8779899,-0.15
1257089686713110528,JamesIsaak2,another meadowlark just because,2020-05-03 23:28:31,0.9864623,0.0
1257089654207152129,PeytonMischief,looking at houses and think found one and so happy hope it available,2020-05-03 23:28:23,0.9341314,0.6000000000000001
1257089620539473920,ArinPJohnson,the entire country collectively laughed at this statement it nice to come together in times like this,2020-05-03 23:28:15,0.60709673,0.4333333333333333
1257089611395928065,tammykins2018,ok am done talking about my flags every time post picture get followers who percent of the time are the most hateful racist sexist people have ever seen do not equate what do with your hateful so called patriotism,2020-05-03 23:28:13,0.5885992,0.5
1257089578810343425,austinbrown199,man really miss draft beer at peaks,2020-05-03 23:28:05,0.8089061,0.2
1257089577652609024,tazmoet,so good had to share check out all the items am loving on,2020-05-03 23:28:05,0.54201907,0.6499999999999999
1257089530253004802,KillaKyrie2,say it then nigga,2020-05-03 23:27:54,0.9481715,0.0
1257089436929622018,dani_beauregard,my parents do not know that am queer so am working on that got stuck outside for hours when the car got stuck so am super sunburnt am in pain,2020-05-03 23:27:32,0.98992074,0.16666666666666666
1257089410740469766,Prettychxck_b,missed my friends much,2020-05-03 23:27:25,0.5568773,0.2
1257089403765358593,KillaKyrie2,you white,2020-05-03 23:27:24,0.44472152,0.0
1257089372027052032,Ad_Divine,honestly was still worse,2020-05-03 23:27:16,0.97580206,0.09999999999999998
1257089299390042114,JackStr13435605,no cuz am disgusted donny what you are doing is wrong down right un american,2020-05-03 23:26:59,0.42258206,-0.27396825396825397
1257089290950991873,JulesResale,so good had to share check out all the items am loving on,2020-05-03 23:26:57,0.54201907,0.6499999999999999
1257089276724076544,KillaKyrie2,say it back,2020-05-03 23:26:53,0.06179309,0.0
1257089258512318464,that_book_gal,this is that book,2020-05-03 23:26:49,0.7840172,0.0
1257089209556295680,Finnesser113,lmaoooo yall slow tho,2020-05-03 23:26:37,0.7643639,-0.30000000000000004
1257089207002169345,goodson_jacob,you referenced great discussion about sacks chris long which podcast is it can find it thank you,2020-05-03 23:26:37,0.84121525,0.375
1257089186118733824,AtBobGilmer,my updated edc,2020-05-03 23:26:32,0.90604043,0.0
1257089161284268032,StonedInKansas,what your favorite instant coffee,2020-05-03 23:26:26,0.8563409,0.25
1257089148810297345,mcsquared,our us intelligence never picked up of all of this stockpiling of supplies,2020-05-03 23:26:23,0.6678418,0.0
1257089147531153414,Tajahnaes,of course mike pompeo is trending of course he would lie in an interview about the origins of covid of course he wouldn have any evidence,2020-05-03 23:26:23,0.97957563,0.0
1257089080275415040,citizensforale1,preisdent trump keep hearing justice is coming for those abusing power many dems are doing just that during this pandemic will barr and the doj start dishing out subpeona and indictments soon,2020-05-03 23:26:06,0.93231636,0.5
1257089023371284482,KillaKyrie2,lil that,2020-05-03 23:25:53,0.28354582,0.0
1257088987648458763,zgarnes0903,do what you gotta do,2020-05-03 23:25:44,0.9640225,0.0
1257088915330105345,The_Taco_Cop,felt that,2020-05-03 23:25:27,0.14455077,0.0
1257088878667800579,The_Taco_Cop,crazy how ll be the only one to do any of this,2020-05-03 23:25:18,0.2805498,-0.3
1257088877640237056,Tailofthedog,warren is so right,2020-05-03 23:25:18,0.7510711,0.2857142857142857
1257088845927133185,FyreRode,nice,2020-05-03 23:25:11,0.3762127,0.6
1257088827929301004,thenickcox81,that cheesecake needs to be in or near my mouth,2020-05-03 23:25:06,0.063133776,0.1
1257088826519977987,addismith_,how did this happen meant to make an innocent cute lil sun incense burner and somehow accidentally made it look like kawaii donald trump,2020-05-03 23:25:06,0.83188015,0.5
1257088800116936709,Luge_Knight,now that did gotta do,2020-05-03 23:25:00,0.46305993,0.0
1257088717338152962,StevenN0612,wish you could ve trolled me lol,2020-05-03 23:24:40,0.7040764,0.8
1257088701856956417,tammykins2018,and hes the reason iwont shop at wallmart full of abusive so called patriots,2020-05-03 23:24:36,0.992437,0.35
1257088647020589056,_JoseSustaita,was getting down on the grill yesterday,2020-05-03 23:24:23,0.32363132,-0.15555555555555559
1257088618235138048,FlipG1380,check out my broadcast from my playstation nba 2k20 live at,2020-05-03 23:24:16,0.23968247,0.13636363636363635
1257088581010677761,Dale_Lawrence,history recalls how great the fall can be fools overture composed and sung by roger hodgson kayaking music videos via,2020-05-03 23:24:07,0.82383525,0.8
1257088558961168384,JeniferLDavis1,teacher hall of fame limon lillies going strong,2020-05-03 23:24:02,0.9898269,0.4333333333333333
1257088539004751872,LabdogWillie,love these things thanks for sharing,2020-05-03 23:23:57,0.6651528,0.35
1257088489600024577,EricRiveracueba,pro wrestling is becoming niche program with dwindling audience fans leave and dont comeback so rhe kids dont watch and dont become fans,2020-05-03 23:23:46,0.97677916,0.45
1257088466569043968,youngAB_23,they do anything for clout,2020-05-03 23:23:40,0.18389902,0.0
1257088413200769026,kfhradio,alex smith absurd colin kaepernick is no longer in nfl listen,2020-05-03 23:23:27,0.99235797,-0.5
1257088388857049096,TheMeghler,fuck it might post the mcdonald daily hand clap emoji,2020-05-03 23:23:22,0.91012704,-0.2
1257088338051424264,JeniferLDavis1,some new additions to the front too we shall see how many make it to july,2020-05-03 23:23:10,0.94871247,0.3181818181818182
1257088288239869955,Jo_Povall,stress is real had an addisonian crisis and ended up in er on thursday home resting addison disease is rare condition where do not naturally produce cortisone working from home and extra teacher workload is real factor in causing the additional stress resting lot,2020-05-03 23:22:58,0.969223,0.13
1257088281445109760,zgarnes0903,ll give you the scissors because coleslaw will forever be absolutely disgusting,2020-05-03 23:22:56,0.996776,-1.0
1257088236733837312,seeingsafety,thanks,2020-05-03 23:22:45,0.7088351,0.2
1257088080516972545,felzdown,love youu,2020-05-03 23:22:08,0.7174311,0.5
1257088037013553152,uteotw,he said your hollywood friends did not say you live in hollywood lmao,2020-05-03 23:21:58,0.4510469,0.36818181818181817
1257087995318075392,mwwise,waiting evening tide as some flowers close for night others go full bloom,2020-05-03 23:21:48,0.38417292,0.35
1257087886018707456,QuanikaG,today,2020-05-03 23:21:22,0.05728805,0.0
1257087856822149120,UniversaI,being an old person would be tight because you can steal from stores and when you get caught you can just act like you have dementia,2020-05-03 23:21:15,0.9765563,-0.039285714285714285
1257087824458854407,THEALTEREDBEAS1,lord have mercy you know you got it don you,2020-05-03 23:21:07,0.9757157,0.0
1257087741411700737,RMclallen,need myself mark sloan,2020-05-03 23:20:47,0.083045214,0.0
1257087710617128963,crl_hunt,wow that crazy hailstone,2020-05-03 23:20:40,0.033840805,-0.25
1257087680179044355,ccm6700,yea groups of people are the worst,2020-05-03 23:20:33,0.79388666,-1.0
1257087651922018305,yagirllovesmeee,fam ily,2020-05-03 23:20:26,0.9193198,0.0
1257087601808486400,JamesFerminVids,james fermin videos would like to welcome ake safety equipment as supporting sponsor for 2020 the absolute best choice for safety and fire extinguishers for your home business and race team check them out at,2020-05-03 23:20:14,0.9982984,0.5625
1257087581063393280,BuddyBrittain12,sunday funday,2020-05-03 23:20:09,0.08352554,0.0
1257087562461691906,pureenergyrx,amazing product alert vibesup crystalline carpet salt with black tourmaline to neutralize negative energies and broadcast refreshing negative ions into the room,2020-05-03 23:20:05,0.991024,0.06666666666666671
1257087501577183243,Cheflee_lee,how you so close but soo fuckin far away,2020-05-03 23:19:50,0.9780819,0.1
1257087424976560129,itsrlybrett,fajita night,2020-05-03 23:19:32,0.88437986,0.0
1257087332236308480,iembot_ict,ict issues grassland fire danger rfd at may 18 pm cdt,2020-05-03 23:19:10,0.8347111,0.0
1257087322534883328,DaneKayl,do you ever just lay in bed amp realize that you are completely utterly alone in this world amp then you have to try amp convince yourself that it not as depressing as it sounds bc same,2020-05-03 23:19:07,0.9406247,-0.19999999999999998
1257087308463038471,AJCoachAllen,appreciate that coach,2020-05-03 23:19:04,0.90599895,0.0
1257087284169637888,loganglazier,paint cooler,2020-05-03 23:18:58,0.25428787,0.0
1257087263390957571,ac2cnkotb,more than employees test positive for coronavirus at massachusetts walmart fox news,2020-05-03 23:18:53,0.8565934,0.36363636363636365
1257087217408913408,callmemamalex,thinkin bout wifin you,2020-05-03 23:18:42,0.27729422,0.0
1257087215869493256,TheMeghler,obsessed with pizza ft camila cabello can pisces pls stop getting clowned like this,2020-05-03 23:18:42,0.029058427,-0.5
1257087176031993864,Dale_Lawrence,totally agree fear is not the answer but neither is anger or stupidity from lack of doing the research be informed make informed decisions amp take the necessary steps based on that,2020-05-03 23:18:32,0.98214704,-0.32499999999999996
1257087149662404608,CorinaBueno,know you re worth then add tax,2020-05-03 23:18:26,0.9616422,0.3
1257087075633020928,JackStr13435605,need to grow that hair back out,2020-05-03 23:18:09,0.3953086,0.0
1257087055416438785,_ThatBoyGeorgia,waiting around for answers is the worst,2020-05-03 23:18:04,0.87154335,-1.0
1257087037989150720,THEALTEREDBEAS1,now wait juicy jiggly minutefuck,2020-05-03 23:18:00,0.99382794,0.0
1257087013821521921,JacksonWHreport,the number of covid 19 cases in kansas rose sunday to 030 cases an increase of since saturday the kdhe data showed deaths as of 00,2020-05-03 23:17:54,0.99478567,0.6
1257086919793610757,xxJvpit3r,want tom scavo,2020-05-03 23:17:31,0.45645937,0.0
1257086916639539200,bischkim,take virtual walkthrough of this home let us know your thoughts kim and brian team keller williams signature partners llc 316 416 2222,2020-05-03 23:17:31,0.9930979,0.0
1257086877909344257,citizensforale1,right now on the fox news channel martha mccallum and brett bair hosts town hall live from the lincoln memorial with president donald trump,2020-05-03 23:17:21,0.35119408,0.21103896103896103
1257086849803325441,ccm6700,or sir when we told you yesterday that we do not allow you to draw on the glass with dry erase marker we did not mean tomorrow use sharpies,2020-05-03 23:17:15,0.9845102,0.044791666666666674
1257086828974272512,KylerHamed,nah it just creepy,2020-05-03 23:17:10,0.958039,-0.5
1257086739950305281,JackStr13435605,kf bans people,2020-05-03 23:16:49,0.5959266,0.0
1257086730689183744,cortlandhanson1,cause we ain got shit to hide,2020-05-03 23:16:46,0.78008735,-0.2
1257086687974391809,princessbeccs,have done it again folks another vacuum is on its way,2020-05-03 23:16:36,0.81401795,-0.008333333333333333
1257086679179038727,Bloodbaron1,my girls getting turnt up on turnips,2020-05-03 23:16:34,0.84049165,0.0
1257086588028366849,Maslenations,not sure what this says about me but have been spending more time and money decorating my bathroom than have the rest of my apartment,2020-05-03 23:16:12,0.97675335,0.125
1257086498198949889,JayPraterKAKE,wally our hurricane harvey rescue is one chill pup his new li sis georgie has been in the house less than hours and is mitten with her,2020-05-03 23:15:51,0.9994726,-0.015151515151515152
1257086481639882752,baj5252,well we will see normally would not ever ever watch watching less and less would only watch this to see,2020-05-03 23:15:47,0.9938126,-0.04583333333333333
1257086429617885184,AmiraColeman1,shoutout mr burnett for his music history lectures in the middle of jazz band rehearsals,2020-05-03 23:15:35,0.25775287,0.0
1257086393047810048,juicyjsdealer,anyone remember this gem,2020-05-03 23:15:26,0.1224398,0.0
1257086312424845312,zgarnes0903,you gotta talk to him because don know what going on,2020-05-03 23:15:07,0.99143577,0.0
1257086307865473024,DrizOnGfuel,dont even need to see,2020-05-03 23:15:05,0.7710862,0.0
1257086284109099012,KAKEnews,hailstone the size of football in argentina may have smashed world record,2020-05-03 23:15:00,0.538706,0.0
1257086209807040512,Coach_MitchumBC,tyrone wheatley mike hart anthony thomas tim biakabutuka jamie morris,2020-05-03 23:14:42,0.27931276,0.0
1257086180937662464,keithgr8cr8r,dump trump,2020-05-03 23:14:35,0.28309774,0.0
1257086136645754880,MagdalenWichita,15 pm monday may please tune in to learn how church of the magdalen will go forward with mass even as this phase small but mighty step as of wednesday may our pastor father john jirak will be,2020-05-03 23:14:25,0.6320924,0.07500000000000001
1257086124100472832,re_saxy,currently pretending this patio is real,2020-05-03 23:14:22,0.17230216,0.1
1257086109928108033,VictoriaBeeson,these officers are risking themselves and their families for this they re assaulting the officers where are the arrests where is the tear gas and riot gear these people feel entitled because they re being treated entitled smh,2020-05-03 23:14:18,0.6486126,0.0
1257086089694715904,zgarnes0903,knew there was something about you didn like,2020-05-03 23:14:13,0.66801375,0.0
1257086083998810114,itsjavan,it really is the apocalypse,2020-05-03 23:14:12,0.1319156,0.2
1257086035755798528,KylerHamed,can believe people leave their snap locations on for everyone to see,2020-05-03 23:14:01,0.95321953,0.0
1257086009264627712,EscapologyICT,our guests and employees safety is at the forefront of all we are doing for re opening our venue we are paying close attention to the recommendations of the federal amp state governments amp cdc for the best,2020-05-03 23:13:54,0.628736,1.0
1257086000544862209,mulvane16,georgia state lmao,2020-05-03 23:13:52,0.2437993,0.6
1257085970169634821,lili_mathquez,hey other people exist,2020-05-03 23:13:45,0.3549641,-0.125
1257085964066922496,Chili_Pope80,we are having pork chops with stuffing and gravy watching justified on dvd,2020-05-03 23:13:44,0.22376755,0.4
1257085958014619649,DJ_FLUID316,never had reason to take life until made one,2020-05-03 23:13:42,0.99399495,0.0
1257085951458922496,HarperMumzee,virtual townhall omfg good this way he can go what can hear you sorry next hit button also and say we have bad connection the world biggest jackass,2020-05-03 23:13:41,0.86173594,-0.19999999999999998
1257085917724106754,conservcurmudg1,laura kelly govenor of kansas is tin horn dictator and should be removed immediately,2020-05-03 23:13:32,0.72308797,0.0
1257085886975692800,camillehantla,regretting the fact we discovered hot cheeto carne asada cheese fries before the wedding,2020-05-03 23:13:25,0.6113158,0.25
1257085848358580224,___LoveLe,haterz will say its fake,2020-05-03 23:13:16,0.040150285,-0.5
1257085553297821698,baj5252,agree we ve known for years china is taking over the world it has taken this panic over virus and to finally get the world to pay attention everything happens for reason,2020-05-03 23:12:06,0.9812424,0.0
1257085521651732480,nonblume,you look great,2020-05-03 23:11:58,0.812109,0.8
1257085493629632512,Brown23Jai,those features made me switch just then,2020-05-03 23:11:51,0.16193092,0.0
1257085488059633665,mvogts,oh look you went and told me should block you how thoughtful,2020-05-03 23:11:50,0.8751544,0.4
1257085450222788608,VerityCyn,everyone has lost their minds,2020-05-03 23:11:41,0.9900408,0.0
1257085437472116737,alajr30,the uh oh is what got me,2020-05-03 23:11:38,0.09126982,0.0
1257085428773072898,MichaelLRoss7,several mark hall talent and overcomer daniel brown pastor wisdom fixer of lives jeremy camp talent honesty drive franklin graham compassion people help bart millard talent overcomer funny guy amy grant talent perseverance abraham lincoln faith wisdom tact,2020-05-03 23:11:36,0.22449473,0.125
1257085423962279938,Chris_Is_Tasty,seems to have been inactive few days one wonders how the next propaganda campaign is coming along,2020-05-03 23:11:35,0.7858298,-0.10000000000000002
1257085372435247107,ChrisArnoldKSN,interesting that patterson and jordan ta amu are competing for qb spot once again both were at at the same time before patterson left for michigan,2020-05-03 23:11:22,0.8746052,0.16666666666666666
1257085346468200448,czmilosz,guitars are an expensive habit,2020-05-03 23:11:16,0.0849058,-0.5
1257085344702435340,kristap0805,think its really funny how in highschool it took me like week to write page paper and now in college can write page paper in about minutes lol,2020-05-03 23:11:16,0.7233936,0.525
1257085282907820032,WSUMorganB,favorite week of the year thanks to all the public servants making our cities go round what your favorite new title today am mom manager cruise director and warden hope take on these titles with as much enthusiasm as rakeman,2020-05-03 23:11:01,0.9884416,0.1909090909090909
1257085224904724482,HarperMumzee,rio mick and fitzpatrick why cause boys will be boys,2020-05-03 23:10:47,0.02089864,0.0
1257085221968773120,_notsoswift,scholarship application done,2020-05-03 23:10:47,0.26382065,0.0
1257085158848634880,conservcurmudg1,that dude can kiss my ass,2020-05-03 23:10:32,0.69248843,0.0
1257085152389406720,ChrisArnoldKSN,get another qb adding former wolverine shea patterson to the mix,2020-05-03 23:10:30,0.7850673,0.0
1257085122744107013,___muthafcka,one morning gone wake up and up all my prices,2020-05-03 23:10:23,0.6842814,0.0
1257085091412611073,baj5252,guess you re not that sorry huh,2020-05-03 23:10:15,0.9221974,-0.5
1257085073385492481,lisaandrews0907,wondering how long recent listings are staying on the market take look at this chart which displays the average days on market for wichita ks lisa andrews realtor 316 644 7893 coldwell banker plaza,2020-05-03 23:10:11,0.989352,-0.06666666666666667
1257085024807116801,Ashiru_AO,am the only one noticing the change in the dispersion of the number of confirmed cases the value keeps dropping not good for the country generally,2020-05-03 23:10:00,0.98445904,0.025000000000000015
1257085019710992386,knssradio,dhs report china hid virus severity to hoard supplies,2020-05-03 23:09:58,0.28792095,0.0
1257084979533754369,Seth_Boles,woah bro how much tea do drink,2020-05-03 23:09:49,0.8437506,0.2
1257084871148736514,urnextmistakee,just really can anymore,2020-05-03 23:09:23,0.41054562,0.2
1257084837279784961,RPatterson4KS,you said no one cares,2020-05-03 23:09:15,0.6307142,0.0
1257084793902305280,BeDestiny_,me play lot,2020-05-03 23:09:05,0.89174795,0.0
1257084791616348160,HabashRaymond,why haven you lowered the flag to half staff in honor of the dead and frontline workers sad,2020-05-03 23:09:04,0.9874152,-0.2888888888888889
1257084782497890306,KhalupT,this nigga fried,2020-05-03 23:09:02,0.9671954,0.0
1257084669939666946,chelseabelsan,we grilled out last night and tonight we ended the weekend with fun family picnic dinner love this time of year,2020-05-03 23:08:35,0.6696193,0.26666666666666666
1257084571402764288,JeffCEngel,beth finished the prairie fire half marathon today virtual social distancing style the kids felt bad she didn get finish line so they surprised her with balloon arch at the finish,2020-05-03 23:08:11,0.3434237,-0.1833333333333333
1257084561923727360,toeknee316,come outside to your backyard and bring lighter fluid will trade you for beer,2020-05-03 23:08:09,0.99872035,0.0
1257084458278191107,angelmccabe,same this was my first arena show my 13th birthday present my dad took me brittney fox opened up for them,2020-05-03 23:07:45,0.99797016,0.0625
1257084432579780608,BubzStanwick,have to put down my childhood dog that lives with my mom and got caught in gold ball sized hail on the way home from the funeral shattered the windshield and dented the fuck out of my new car,2020-05-03 23:07:38,0.45012546,-0.13973063973063973
1257084431887732736,Ho8Go8L1N,there is no harm here people are distancing,2020-05-03 23:07:38,0.7250682,0.0
1257084344130326528,HarperMumzee,girl omg ouchie damn,2020-05-03 23:07:17,0.85333234,0.0
1257084318305923078,rennersmith,is social distancing causing distance in your marriage from the darkness into the light,2020-05-03 23:07:11,0.97600454,0.21666666666666667
1257084316712161281,MichaelLRoss7,if can not give at least three star review do not review unless it is big name author who written turkey my opinion will not matter much in that case,2020-05-03 23:07:11,0.6822305,-0.033333333333333326
1257084210155790339,SfumatoInk,trash,2020-05-03 23:06:45,0.5961843,0.0
1257084209509945347,purefeelingflo,ok can leave gt,2020-05-03 23:06:45,0.8172538,0.5
1257084206200557570,GreenWichita,so why didn us stock up at first mention of pandemic oh yeah the wh occupier said it was,2020-05-03 23:06:44,0.9964961,0.25
1257084176723062785,SfumatoInk,trash,2020-05-03 23:06:37,0.5961843,0.0
1257084118514499585,Stephie09212160,thought he got tradded,2020-05-03 23:06:24,0.17764193,0.0
1257084060280729600,kkatelynparks,if ur not the chipotle worker who made my burrito at pm on may 3rd don read this have crush on,2020-05-03 23:06:10,0.8496546,0.0
1257083989921337348,NikkaHolmes,and ants,2020-05-03 23:05:53,0.7441305,0.0
1257083936901083139,chriswashere321,woah there not insert irl friend here,2020-05-03 23:05:40,0.9029107,0.0
1257083935252721665,Shannysland,patti lapel though,2020-05-03 23:05:40,0.2765545,0.0
1257083927891763204,Calil_Burnett,one minute,2020-05-03 23:05:38,0.85315263,0.0
1257083877790756869,OtterNoises,thanks for stream today lt,2020-05-03 23:05:26,0.5953792,0.2
1257083819745857537,UwUNarath,oh lol have ya played 3soe if so how does the training mode for 30th compare any better,2020-05-03 23:05:12,0.99634135,0.65
1257083776234147842,norfsidecici,my capricorn sun virgo moon and libra rising feels attacked,2020-05-03 23:05:02,0.91227543,0.0
1257083676749414403,purefeelingflo,mean could be,2020-05-03 23:04:38,0.6835039,-0.3125
1257083642867785728,pdschurig,been at home too long daughter asks me why the toilet is smoking,2020-05-03 23:04:30,0.9252907,-0.04166666666666667
1257083638908321797,Marrjaay,we are omg almost lol,2020-05-03 23:04:29,0.99543595,0.8
1257083601025458177,conservcurmudg1,the first tyranny vp,2020-05-03 23:04:20,0.8106712,0.25
1257083586722791431,KenzieMc45,you re invited as well,2020-05-03 23:04:17,0.9991874,0.0
1257083571208159235,SfumatoInk,who will he pick to lose with him momentous indeed,2020-05-03 23:04:13,0.832347,0.0
1257083562643337218,naomiyelene,shouting this by faith,2020-05-03 23:04:11,0.74980736,0.0
1257083537624309761,rjber15,youth is not time of life it is state of mind it is not matter of rosy cheeks red lips and supple knees it is matter of the will the quality of the imagination vigor of the emotions it is the freshness of the deep springs of life samuel ullman,2020-05-03 23:04:05,0.995656,0.0
1257083498197741568,DeeBrown1774,you do realize that barry entire national security and intelligence team is about to be indicted right,2020-05-03 23:03:56,0.8409505,0.14285714285714285
1257083454342270978,markahlmanII,my mom started crying again because dont believe in god like ffs,2020-05-03 23:03:45,0.9498763,-0.2
1257083407466663938,GreenWichita,yes just the usual double speak from we are used to this in ks,2020-05-03 23:03:34,0.9721706,-0.125
1257083406581727235,ale_ramireza13,god so happy not tangled in drama,2020-05-03 23:03:34,0.9576138,0.8
1257083383814991875,lensflareon,this scene goes so hard remembered reading it and still gasped when it happened,2020-05-03 23:03:28,0.28844073,-0.2916666666666667
1257083379834650625,Owen_Berk,imagine pulling someone profile picture while yours is of another grown man you are the definition of weirdo take your under pushed profile picture and crawl back under vince nuts they re just about as dry as raw and smackdowns programming,2020-05-03 23:03:27,0.9083789,-0.09914529914529914
1257083346963873794,chriswashere321,how can enjoy content about dads when my dad left me,2020-05-03 23:03:20,0.013312876,0.2
1257083303221514241,Dioavian,lock my heart up throw the key set from the prison,2020-05-03 23:03:09,0.9882222,0.0
1257083253112156163,norfsidecici,it not particular song but john legend voice makes me want to punch puppy however his music is soooo good and that really upsets me and my homegirl,2020-05-03 23:02:57,0.76937854,0.2722222222222222
1257083232337756160,soyesoul,and some people have ironed their work clothes,2020-05-03 23:02:52,0.93220395,0.0
1257083231473733633,DJstaticc,know the democrats think racist because white and trump supporter but definitely support this man america first over non citizens is country thing not race thing country over party is right love it when black people are freed from the democrat plantation,2020-05-03 23:02:52,0.8392109,0.14484126984126983
1257083202805608448,ClaryFeyArtist,sometimes we shiddin too much,2020-05-03 23:02:45,0.8644659,0.2
1257083199450238978,Seth_Boles,yeah if its wii with wiishop it is broken literally the last good shop nintendo had,2020-05-03 23:02:44,0.9679537,0.09999999999999998
1257083172027863041,KillaKyrie2,kyrie,2020-05-03 23:02:38,0.6435719,0.0
1257083151068913665,teddygodzilla_x,kidding mostly,2020-05-03 23:02:33,0.8346435,0.5
1257083063093387265,angelmccabe,as much as would love to experience live music again would prefer myself and others to be well and safe we can all do our part to help support artists who cant get out there right now would like everyone to be around to continue to create and share the joy,2020-05-03 23:02:12,0.8856406,0.4036796536796537
1257082992473899009,eziashi123,ll pull up,2020-05-03 23:01:55,0.84283394,0.0
1257082988896161794,teddygodzilla_x,wow think kodai no longer my favorite,2020-05-03 23:01:54,0.4161176,0.3
1257082942720966656,SfumatoInk,was calling this out like years ago,2020-05-03 23:01:43,0.97114646,0.0
1257082940934193154,lili_mathquez,have you met average women with superiority complexes,2020-05-03 23:01:43,0.9889057,-0.15
1257082784910176256,DeeBrown1774,the economy was doing good because of trump policies and the economy will be doing great again because of trump policies my small business never shut down and we are up over 100 over last year,2020-05-03 23:01:06,0.9134295,0.21888888888888886
1257082763255123970,KillaKyrie2,woah,2020-05-03 23:01:00,0.47449377,0.0
1257082739330879490,Mikeafishstix,bats,2020-05-03 23:00:55,0.7616053,0.0
1257082736440983559,ICTBizJournal,this is the second such offer this year at wichita largest employer the 800 layoffs that cut its workforce by more than 20 in january came less than week after the first was announced,2020-05-03 23:00:54,0.8787,0.11666666666666667
1257082698570641408,RussellBeverle1,know come closer because of my man drake and brown skin girl cus of beyonce,2020-05-03 23:00:45,0.6663541,0.0
1257082682196013056,mirandasantosx,fuck me up,2020-05-03 23:00:41,0.81500465,-0.4
1257082626919276548,thenickcox81,send one this way was gonna make elephant toothpaste with my son just to find out like you said can find that on the shelves,2020-05-03 23:00:28,0.04635501,0.0
1257082598544850952,Blaine_Wesley,new music video hindsight by will be out on tuesday 05 05 20,2020-05-03 23:00:21,0.71664935,0.13636363636363635
1257082597089382406,Tailofthedog,guess the democratic all hide out till the time is done past,2020-05-03 23:00:21,0.9954653,-0.25
1257082580463165441,tammykins2018,want to be nice to people but once in blue moon someone says something so stupid want to post to them please tell me you are not that stupid governor is elected for years not two like some think,2020-05-03 23:00:17,0.97763497,-0.24999999999999997
1257082542395740163,KillaKyrie2,ratio,2020-05-03 23:00:08,0.4437595,0.0
1257082542118723584,KS_Princess__,dwelling on the past can prevent you from making progress toda more for pisces,2020-05-03 23:00:08,0.99966764,0.125
1257082533918973958,justineWichita,interesting take on situation will be doing some research to see who is really behind this,2020-05-03 23:00:06,0.08962709,0.04999999999999999
1257082531050131456,soyesoul,heed my children to the words of elders,2020-05-03 23:00:05,0.8044573,0.0
1257082516948824064,KSNNews,the national rifle association has laid off dozens of employees canceled its national convention and scuttled fundraising membership and shooting events that normally would be key to rallying its base in an election year,2020-05-03 23:00:02,0.6845056,-0.21666666666666667
1257082446249709568,KillaKyrie2,hey thanks for helping me get over my erectile dysfunction,2020-05-03 22:59:45,0.7311926,0.2
1257082412380676096,annepanktz,lol lol lol lol lol lol you won fool the usa twice out you go come november,2020-05-03 22:59:37,0.9194946,0.7999999999999999
1257082376494157825,angelarturtle,can deal with this,2020-05-03 22:59:28,0.9630276,0.0
1257082373558218760,mghawkins30,when the world turns ugly just turn and look at you,2020-05-03 22:59:27,0.993809,-0.7
1257082324983955457,ICT_Royals,nice am run tmc kinda guy,2020-05-03 22:59:16,0.9960507,0.6
1257082245938139140,AtBobGilmer,my new edc pen setup the zebra all stainless steel and fisher space pen refill,2020-05-03 22:58:57,0.9954376,0.16818181818181818
1257082239755509760,beth_monje,halloween,2020-05-03 22:58:56,0.3922845,0.0
1257082214443094016,Tailofthedog,would have said pull your trigger or lay your guns down in pile,2020-05-03 22:58:50,0.85225534,-0.15555555555555559
1257082188199268357,cablemike1234,hey max have question for your podcast if you shane and joe were on deserted island and each of you had to pick one task who would make fire build shelter and hunt and fish,2020-05-03 22:58:43,0.9931408,0.0
1257082152572895235,citizensforale1,youtube is filled with conspiracy theorists looking for their minutes of fame,2020-05-03 22:58:35,0.5620269,0.4
1257082149859033088,emilysplantlife,it so pretty,2020-05-03 22:58:34,0.9846331,0.25
1257082125955796998,TiaMariaaa13,people don care about you just what they can take from you,2020-05-03 22:58:28,0.9106561,0.0
1257082060931567622,stephholston,love the pantry tour glad got an order in at the container store before everything sells out,2020-05-03 22:58:13,0.24770811,0.5
1257082044372455425,sevthirtytwo,why is every single store in town sold out of bikes lol,2020-05-03 22:58:09,0.9562578,0.3642857142857143
1257081984301621253,KingJoel_3,ve never been to heaven but ve been to game day at bill snyder family stadium,2020-05-03 22:57:55,0.84376675,-0.4
1257081922116870197,dasliah_,rest in peace friend,2020-05-03 22:57:40,0.97232354,0.0
1257081883160129537,simpsondirt78,we do demolition,2020-05-03 22:57:31,0.979481,0.0
1257081878588334080,BentzICT,angels are they,2020-05-03 22:57:29,0.80028474,0.0
1257081876138860547,YourMomsJob,can wait for all to go to hero and spread the virus around more but ll meet all at the let out,2020-05-03 22:57:29,0.053593278,0.5
1257081868626939905,KillaKyrie2,umm aight,2020-05-03 22:57:27,0.5644295,0.0
1257081846388666370,RussellBeverle1,was like are you mad that real love you nigerians got love,2020-05-03 22:57:22,0.97606325,0.20833333333333334
1257081834602737667,FontaineWillia2,happy birthday coach my boy,2020-05-03 22:57:19,0.9672459,0.8
1257081817250910208,VrMatty,bye bye baby it been sweet love,2020-05-03 22:57:15,0.98090076,0.425
1257081800893104129,TiaMariaaa13,the flashbacks won stop especially today,2020-05-03 22:57:11,0.7672241,0.0
1257081799366316033,citizensforale1,the whole leftist world is utter bs the oregon dictator cancelled 4th of july by extended the state of emergency to july 6th hope it is true what read on hanity been hearing about barr other doj leaders that justice is coming soon for those abusing power,2020-05-03 22:57:11,0.99537086,0.075
1257081788570177536,markvoth1,along 15 of goessel,2020-05-03 22:57:08,0.99573684,0.0
1257081754294370305,Owen_Berk,that match was amazing and should ve been rated higher but the statement you just made is close minded and ridiculous,2020-05-03 22:57:00,0.99885917,0.17222222222222228
1257081753216454656,mvogts,feel this down to my bones,2020-05-03 22:57:00,0.031489313,-0.15555555555555559
1257081719615782915,Derby_Hoops,who released this highlight film from youth soccer days before,2020-05-03 22:56:52,0.8628173,0.0
1257081683674894337,KenzieMc45,would you like to be part of my mom in law wedding party you re her favorite person,2020-05-03 22:56:43,0.83249557,0.5
1257081681342840833,edroot,this is your brain on disc golf,2020-05-03 22:56:42,0.75993127,0.0
1257081675500175362,dominiqegann,if master chief ain one of the two you re beyond dead man destroyed halo ring killed the prophets destroyed the flood blew up another ring slept years woke up to fight through the covenant and forerunners to detonate nuke to save earth then chases cortona again,2020-05-03 22:56:41,0.9967969,-0.2
1257081631757815808,Tailofthedog,and he did the hard way he earned it with his performance,2020-05-03 22:56:31,0.21100819,-0.2916666666666667
1257081625080401920,zgarnes0903,all gathered from this is that you eat your salads with mayonnaise,2020-05-03 22:56:29,0.97819304,0.0
1257081534563209216,KillaKyrie2,you know you got owned,2020-05-03 22:56:07,0.82272387,0.0
1257081511540600833,mulvane16,swap the third one,2020-05-03 22:56:02,0.85291874,0.0
1257081466888093696,t__papadatos,life isn much different from leveling up skills in runescape,2020-05-03 22:55:51,0.77706146,0.0
1257081419572088832,CaucasianJace,just did bad thing,2020-05-03 22:55:40,0.9692118,-0.6999999999999998
1257081398621614082,amandaxolivas,everyone always tells me don have patience keep looking up what gonna happen next in the series watching gonna have to agree don have patience,2020-05-03 22:55:35,0.99731857,0.0
1257081380309217282,who_boyboy,it came in,2020-05-03 22:55:31,0.966929,0.0
1257081316081831936,AlfredLTaylor,ok 10 well gone head tall queen help me do not hurt me,2020-05-03 22:55:15,0.20124081,0.5
1257081298562285568,angelmccabe,twitter trolls are really something else people are really attacking because he is advocating safety hand washing wearing masks what bunch of asshats have respect for others,2020-05-03 22:55:11,0.42355064,0.2
1257081264332591104,KillaKyrie2,who are you,2020-05-03 22:55:03,0.38715702,0.0
1257081256396931072,indigojackal,wonderful writing as always,2020-05-03 22:55:01,0.4230314,1.0
